{"cameraMode":{"drawMode":0,"name":"Shaded","section":"Shading Mode"},"sceneLighting":false,"audioPlay":false,"sceneViewState":{"showFog":true,"showMaterialUpdate":false,"showSkybox":true,"showFlares":true,"showImageEffects":true,"showParticleSystems":true},"in2DMode":false,"pivot":{"x":2.1553003787994386,"y":0.1429271697998047,"z":-3.575366973876953},"rotation":{"x":-0.09586671739816666,"y":-0.888255774974823,"z":0.21625852584838868,"w":-0.39375579357147219},"size":7.62874174118042,"orthographic":false}