{"cameraMode":{"drawMode":0,"name":"Shaded","section":"Shading Mode"},"sceneLighting":false,"audioPlay":false,"sceneViewState":{"showFog":true,"showMaterialUpdate":false,"showSkybox":true,"showFlares":true,"showImageEffects":true,"showParticleSystems":true},"in2DMode":false,"pivot":{"x":489.10357666015627,"y":511.248046875,"z":337.6062927246094},"rotation":{"x":0.02575865015387535,"y":-0.9307188987731934,"z":0.3586511015892029,"w":0.06684530526399613},"size":6.26658296585083,"orthographic":false}