{"cameraMode":{"drawMode":0,"name":"Shaded","section":"Shading Mode"},"sceneLighting":false,"audioPlay":false,"sceneViewState":{"showFog":true,"showMaterialUpdate":false,"showSkybox":true,"showFlares":true,"showImageEffects":true,"showParticleSystems":true},"in2DMode":false,"pivot":{"x":483.0032958984375,"y":502.2127380371094,"z":374.7838134765625},"rotation":{"x":-0.12288178503513336,"y":-0.04346492886543274,"z":0.0053869676776230339,"w":-0.9914544224739075},"size":42.41107177734375,"orthographic":false}