{"cameraMode":{"drawMode":0,"name":"Shaded","section":"Shading Mode"},"sceneLighting":true,"audioPlay":false,"sceneViewState":{"showFog":true,"showMaterialUpdate":false,"showSkybox":true,"showFlares":true,"showImageEffects":true,"showParticleSystems":true},"in2DMode":false,"pivot":{"x":3.506208658218384,"y":12.426469802856446,"z":97.46398162841797},"rotation":{"x":-0.0032985347788780929,"y":0.9933732151985169,"z":-0.11103114485740662,"w":-0.029510734602808954},"size":10.797381401062012,"orthographic":false}