{"cameraMode":{"drawMode":0,"name":"Shaded","section":"Shading Mode"},"sceneLighting":false,"audioPlay":false,"sceneViewState":{"showFog":true,"showMaterialUpdate":false,"showSkybox":true,"showFlares":true,"showImageEffects":true,"showParticleSystems":true},"in2DMode":false,"pivot":{"x":4.57447624206543,"y":2.3401401042938234,"z":48.8891487121582},"rotation":{"x":-0.23802775144577027,"y":-0.006246037781238556,"z":0.0015290287556126714,"w":-0.971237063407898},"size":6.87596321105957,"orthographic":false}